mode_label,samples,wind_mean,Pstd_mean,Prl_mean,saving_mean_pct,saving_median_pct,saving_max_pct
Aggressive,98800,17.148355178562444,69285108.46045665,89355195.3200768,-28.850979915987196,-28.733015471188722,-14.419831774765576
Cruise,95600,17.53392533064244,68277580.01288487,88071861.1635923,-28.84807263324631,-28.723423650220006,-13.888686390473456
Hover,5600,17.362113997521455,67121631.45486386,86690768.31172056,-28.949516016811774,-28.799133566936014,-14.511452920154127
